{"cameraMode":{"drawMode":0,"name":"Shaded","section":"Shading Mode"},"sceneLighting":true,"audioPlay":false,"sceneViewState":{"showFog":true,"showMaterialUpdate":false,"showSkybox":true,"showFlares":true,"showImageEffects":true,"showParticleSystems":true},"in2DMode":false,"pivot":{"x":-5.291212558746338,"y":3.1667943000793459,"z":0.313823938369751},"rotation":{"x":0.10923268646001816,"y":0.7135492563247681,"z":0.1141936406493187,"w":-0.682550847530365},"size":8.623482704162598,"orthographic":false}