{"cameraMode":{"drawMode":0,"name":"Shaded","section":"Shading Mode"},"sceneLighting":false,"audioPlay":false,"sceneViewState":{"showFog":true,"showMaterialUpdate":false,"showSkybox":true,"showFlares":true,"showImageEffects":true,"showParticleSystems":true},"in2DMode":false,"pivot":{"x":90.37699890136719,"y":2.938142776489258,"z":46.66942596435547},"rotation":{"x":0.013818488456308842,"y":0.008442347869277,"z":-0.00011605148756643757,"w":0.9998688697814941},"size":22.935087203979493,"orthographic":false}