{"cameraMode":{"drawMode":0,"name":"Shaded","section":"Shading Mode"},"sceneLighting":false,"audioPlay":false,"sceneViewState":{"showFog":true,"showMaterialUpdate":false,"showSkybox":true,"showFlares":true,"showImageEffects":true,"showParticleSystems":true},"in2DMode":false,"pivot":{"x":-1.6449816226959229,"y":-2.561081886291504,"z":-11.215729713439942},"rotation":{"x":-0.03984036669135094,"y":0.717287540435791,"z":-0.041152920573949817,"w":-0.6944190263748169},"size":1.6537336111068726,"orthographic":false}