{"cameraMode":{"drawMode":0,"name":"Shaded","section":"Shading Mode"},"sceneLighting":false,"audioPlay":false,"sceneViewState":{"showFog":true,"showMaterialUpdate":false,"showSkybox":true,"showFlares":true,"showImageEffects":true,"showParticleSystems":true},"in2DMode":false,"pivot":{"x":-0.611440896987915,"y":3.76717209815979,"z":-0.20239675045013429},"rotation":{"x":-0.05118297412991524,"y":0.7828654050827026,"z":-0.06497782468795777,"w":-0.6166684031486511},"size":1.653733730316162,"orthographic":false}