{"cameraMode":{"drawMode":0,"name":"Shaded","section":"Shading Mode"},"sceneLighting":false,"audioPlay":false,"sceneViewState":{"showFog":true,"showMaterialUpdate":false,"showSkybox":true,"showFlares":true,"showImageEffects":true,"showParticleSystems":true},"in2DMode":false,"pivot":{"x":78.4443130493164,"y":2.3026070594787599,"z":61.382415771484378},"rotation":{"x":-0.08413580805063248,"y":0.04329977184534073,"z":-0.0036601738538593055,"w":-0.9955063462257385},"size":0.9778947234153748,"orthographic":false}