{"cameraMode":{"drawMode":0,"name":"Shaded","section":"Shading Mode"},"sceneLighting":false,"audioPlay":false,"sceneViewState":{"showFog":true,"showMaterialUpdate":false,"showSkybox":true,"showFlares":true,"showImageEffects":true,"showParticleSystems":true},"in2DMode":false,"pivot":{"x":-2.1845362186431886,"y":-4.355643272399902,"z":20.062265396118165},"rotation":{"x":-0.18020068109035493,"y":0.08101584017276764,"z":-0.014895176514983178,"w":-0.9801746606826782},"size":23.74165916442871,"orthographic":false}