{"cameraMode":{"drawMode":0,"name":"Shaded","section":"Shading Mode"},"sceneLighting":false,"audioPlay":false,"sceneViewState":{"showFog":true,"showMaterialUpdate":false,"showSkybox":true,"showFlares":true,"showImageEffects":true,"showParticleSystems":true},"in2DMode":false,"pivot":{"x":31.840002059936525,"y":11.794548034667969,"z":78.25971984863281},"rotation":{"x":-0.1359434276819229,"y":-0.6951293349266052,"z":0.1364375352859497,"w":-0.692603349685669},"size":268.1498718261719,"orthographic":false}