{"cameraMode":{"drawMode":0,"name":"Shaded","section":"Shading Mode"},"sceneLighting":true,"audioPlay":false,"sceneViewState":{"showFog":true,"showMaterialUpdate":false,"showSkybox":true,"showFlares":true,"showImageEffects":true,"showParticleSystems":true},"in2DMode":false,"pivot":{"x":90.37699890136719,"y":2.938142776489258,"z":46.66942596435547},"rotation":{"x":0.13282912969589234,"y":0.8667808175086975,"z":-0.3535804748535156,"w":0.32561996579170229},"size":22.935087203979493,"orthographic":false}