{"cameraMode":{"drawMode":0,"name":"Shaded","section":"Shading Mode"},"sceneLighting":true,"audioPlay":false,"sceneViewState":{"showFog":true,"showMaterialUpdate":false,"showSkybox":true,"showFlares":true,"showImageEffects":true,"showParticleSystems":true},"in2DMode":false,"pivot":{"x":178.87338256835938,"y":-42.020172119140628,"z":82.09159851074219},"rotation":{"x":-0.08640976995229721,"y":-0.9129332900047302,"z":0.26332172751426699,"w":-0.29957956075668337},"size":350.4615783691406,"orthographic":false}